Reaction,Pvalue,Padj,Reject,FC
DESAT20_1,9.364276095385904e-134,2.155328276471382e-133,True,1.0
HMR_6817,0.0,0.0,True,1.0
OCD11CRNCACT,6.183326794894121e-225,1.895099111824675e-224,True,-1.0
FAOXC163Gm,2.9089608070302393e-118,6.427794241778734e-118,True,-1.0
HMR_2762,4.511451170861682e-173,1.1802278509486365e-172,True,-1.0
HMR_6571,0.0,0.0,True,-1.0
HMR_8448,0.0,0.0,True,7.32963765326585
HMR_7849,4.703117298365724e-300,1.7012510721248852e-299,True,-0.850778624030722
HMR_5548,0.0,0.0,True,3.524828585771648
HMR_6572,0.0,0.0,True,-1.0
HMR_0195,0.0,0.0,True,1.0
HMR_3947,0.0,0.0,True,-0.9509483322432961
HMR_3340,3.693602688457747e-148,8.892568510420049e-148,True,-0.8421052631578964
EX_M00341[e],5.361897950605834e-295,1.906597208164453e-294,True,-1.0
HMR_0385,3.881265517447761e-287,1.3538223769192786e-286,True,1.0
HMR_0249,0.0,0.0,True,-1.0
HC02195te,8.139997120669827e-154,1.9924972066468334e-153,True,-1.0
r1451,0.0,0.0,True,1.0
HMR_6545,0.0,0.0,True,1.0
HMR_7639,0.0,0.0,True,1.0
C05463t1,0.0,0.0,True,-1.0
HMR_0395,1.2396359437316483e-194,3.3881840626247476e-194,True,-1.0
EX_CE7096[e],2.693817332366666e-21,3.642309544916628e-21,True,1.0
HMR_5522,0.0,0.0,True,-4.386406640383733
HMR_4570,0.0,0.0,True,9.278803753991928
TUDCA3St,0.0,0.0,True,1.0
HMR_9411,2.6878632345938e-310,1.001964284651376e-309,True,-0.9761230769230769
HMR_9296,2.1996385964232356e-279,7.546769423325622e-279,True,-1.0
HMR_0669,0.0,0.0,True,-1.0
HMR_7682,0.0,0.0,True,-1.2078570655910044
HMR_3176,0.0,0.0,True,1.0
HMR_4081,0.0,0.0,True,-1.0
HMR_0643,4.2783873670301815e-250,1.4022007813644779e-249,True,1.0
HMR_2646,1.721716549781651e-206,4.916792876082103e-206,True,-4.966063348416306
HMR_4863,0.0,0.0,True,2.7851716785533878
HMR_8468,0.0,0.0,True,-1.4453120400003099
HMR_3873,0.0,0.0,True,1.0
HMR_2862,2.1966264015620274e-38,3.501694970934125e-38,True,-1.0
THCHOLSTOICATP,0.0,0.0,True,-0.9934516093188638
HMR_2294,5.361897950605834e-295,1.906597208164453e-294,True,-1.0
r1147,0.0,0.0,True,-1.966492342958448
HMR_3326,8.139997120669827e-154,1.9924972066468334e-153,True,-0.859116022099449
HMR_8460,0.0,0.0,True,0.8299997962840181
HMR_0212,1.5559281741512401e-232,4.8653890611132695e-232,True,1.0
PCHOLSTE_HSt1e,0.0,0.0,True,-1.0
HMR_6313,0.0,0.0,True,-0.983591068374535
HMR_5468,0.0,0.0,True,-1.2333232630966926
HMR_8734,0.0,0.0,True,1.5064184291652276
HMR_2605,3.2232151578221254e-27,4.670633240563218e-27,True,1.1225296442687744
HMR_5467,0.0,0.0,True,2.0239393508404655
HMR_3087,3.1102585512326516e-162,7.822367000095854e-162,True,-0.8438761776581444
HMR_3286,1.2441556215016296e-119,2.7595578887204954e-119,True,-1.0
r0633,0.0,0.0,True,-0.8575204217653811
HMR_4706,0.0,0.0,True,1.0
HMR_3330,1.060469383496167e-161,2.6557053791831617e-161,True,-0.8276762402088793
HMR_4524,0.0,0.0,True,1.0
EX_dlnlcg[e],6.102968739149769e-212,1.7722198618145513e-211,True,1.0
HMR_2522,0.0,0.0,True,-1.0
HMR_4971,1.6471512100150677e-209,4.726888389171546e-209,True,2.7539527322970434
SPHMYLN18114_hs_ATPt,0.0,0.0,True,1.0
HMR_0321,0.0,0.0,True,-1.0
HMR_8467,0.0,0.0,True,-1.1893151970569527
HMR_7867,0.0,0.0,True,-2.450042011356104
HMR_5483,0.0,0.0,True,2.742938183627521
HMR_3284,1.5062867610437948e-120,3.348573755583323e-120,True,-1.0
HMR_0247,0.0,0.0,True,-1.0
FAOXC103C102m,4.9707974966276805e-102,1.0410605193080131e-101,True,-1.0
EX_strdnc[e],4.511451170861682e-173,1.1802278509486365e-172,True,-0.9104037724727382
HMR_0373,8.720695710540648e-281,3.002542706449365e-280,True,-1.0
HMR_3338,1.800908782951491e-157,4.4566408226755645e-157,True,-0.8344459279038736
HMR_5565,0.0,0.0,True,-1.033915878669658
HMR_5518,0.0,0.0,True,-10.687271123107603
HMR_4588,0.0,0.0,True,3.281818818929555
HMR_3946,7.8667411316267e-185,2.106905988634939e-184,True,4.863211810786395
HMR_0371,0.0,0.0,True,1.0
OCD11CRNCPT2,1.836439568679877e-217,5.418698828028854e-217,True,-1.0
HMR_5569,0.0,0.0,True,34.12164043564809
FAOXC101C8m,0.0,0.0,True,-1.0
HMR_7888,0.0,0.0,True,-1.1201468280143057
HMR_3327,5.36805110396612e-158,1.3295342125630373e-157,True,-0.8467741935483888
HMR_4586,0.0,0.0,True,-3.344016006936228
HMR_5480,0.0,0.0,True,-0.8969500940274485
HMR_6031,0.0,0.0,True,-6.764081246658138
FAOXC102m,3.741840156429818e-104,7.876143432715063e-104,True,-1.0
HMR_0598,0.0,0.0,True,-0.9679238107835518
HMR_3099,0.0,0.0,True,0.9907801418439718
HMR_2604,1.0940975515627727e-187,2.949131394736821e-187,True,-8.133658536585228
HMR_3033,9.418535760731084e-255,3.12528989569064e-254,True,-0.8860544217687091
HMR_3908,0.0,0.0,True,-1.0
HMR_4855,0.0,0.0,True,6.560945990158078
HMR_6549,0.0,0.0,True,1.0
HMR_2515,1.3378606644311968e-283,4.633489062391734e-283,True,-0.8643122676579931
HMR_4784,0.0,0.0,True,-0.9727871229098449
HMR_9578,0.0,0.0,True,-1.0
C60CPT1,0.0,0.0,True,1.0
HMR_3787,7.603211866937167e-217,2.2366878283258937e-216,True,-0.9399085564990204
7KILTCHOLATP,0.0,0.0,True,-1.0
HMR_8667,0.0,0.0,True,0.8574552866587947
HMR_4304,1.8753479262928454e-05,2.0434248508881016e-05,True,1.0
HMR_4481,9.701969864e-315,3.672709522e-314,True,1.0
HMR_2678,1.73162967801311e-21,2.3500115593230258e-21,True,-8.404878048780635
HMR_5485,0.0,0.0,True,-2.487829767563055
PCHOLN19_HSt1e,0.0,0.0,True,-1.0
HMR_3146,0.0,0.0,True,-0.9231809981960314
HMR_5540,0.0,0.0,True,-4.500168926279817
PCHOLN15_HSABCt,0.0,0.0,True,-1.0
HMR_8741,0.0,0.0,True,-29.330698826280646
HMR_6625,0.0,0.0,True,1.0
HMR_0681,0.0,0.0,True,-1.0
RE3122R,3.312911846544514e-29,4.8925563056327753e-29,True,1.0
HMR_3056,4.693863844486989e-23,6.493399935952255e-23,True,-1.0
HMR_3279,2.0143404317306776e-112,4.352520254403308e-112,True,-1.0
HMR_6015,0.0,0.0,True,3.219482712536567
HMR_3156,4.9110960529e-311,1.8330587815283e-310,True,1.0
HMR_5516,0.0,0.0,True,-1.5642263924428892
EX_tetpent3[e],0.0,0.0,True,1.0
HMR_6021,0.0,0.0,True,0.8550457531316097
HMR_8500,0.0,0.0,True,-0.8723554457411371
HMR_3813,0.0,0.0,True,-1.0
CE1273t2,0.0,0.0,True,-1.0
HMR_3057,6.923646072652829e-306,2.5453303629702373e-305,True,1.0
HMR_0646,8.37127037020693e-261,2.7967870222014027e-260,True,1.0
HMR_5479,0.0,0.0,True,-1.1908432096351327
HMR_3288,8.905032323973981e-110,1.9128845094755125e-109,True,-1.0
HMR_0402,0.0,0.0,True,-1.0
EX_tmndnc[e],2.662102164727056e-25,3.7680963007972336e-25,True,-1.0
HMR_4079,2.56781496791256e-238,8.213643947580568e-238,True,1.0
FAOXC6C4m,2.173158825758261e-196,5.967530796130932e-196,True,-1.0
HMR_2673,0.0,0.0,True,3.7148118115926385
HMR_2603,2.917919596816749e-188,7.872471840398778e-188,True,13.2056074766353
HMR_6587,0.0,0.0,True,1.0
HMR_0358,0.0,0.0,True,1.0
HMR_3149,0.021361814881110282,0.02211664932920605,True,-1.0
HMR_3139,0.0,0.0,True,-0.9562022890252367
HMR_5543,0.0,0.0,True,0.9817019461101776
HMR_1870,0.0,0.0,True,1.0
HMR_9811,0.0,0.0,True,-1.0
RE3120R,6.459252869534608e-33,9.872514818850635e-33,True,1.0
HMR_4727,0.0,0.0,True,1.0
HMR_2410,3.1102585512326516e-162,7.822367000095854e-162,True,-1.0
HMR_5529,0.0,0.0,True,-2.022839030933305
HMR_7724,6.9970120500422546e-298,2.512407513066643e-297,True,0.8416670758137942
RE1957R,6.01648148544792e-16,7.621396780096154e-16,True,1.0
HMR_5463,0.0,0.0,True,4.72826133685318
HMR_5520,0.0,0.0,True,-7.749083003445087
HMR_5474,0.0,0.0,True,1.5164673062990217
HMR_6005,0.0,0.0,True,-1.5458419129412213
SPHMYLN181201_hs_ATPt,0.0,0.0,True,-1.0
HMR_5525,0.0,0.0,True,1.5784941422308385
HMR_0240,2.926029338908267e-240,9.410829816686304e-240,True,1.0
HMR_8767,0.0,0.0,True,0.9320135657386233
FAOXC2252053m,3.6084563448872e-161,9.013450205046458e-161,True,-1.0
HMR_3336,7.752140614165727e-164,1.963160933405841e-163,True,-0.8569500674763848
HMR_5074,3.881451800604576e-246,1.2650337904083882e-245,True,-4.6537869305655
HMR_1526,6.9970120500422546e-298,2.512407513066643e-297,True,1.0
HMR_4710,0.0,0.0,True,0.8459206231585571
HMR_2684,0.0,0.0,True,1.0
HMR_5458,0.0,0.0,True,4.217363074077772
HMR_4206,0.0,0.0,True,-0.8421363939542671
HMR_1868,0.0,0.0,True,-0.9363180210428709
PCHOLHEP_HSABCt,4.2737166379402806e-235,1.353728621531354e-234,True,1.0
HMR_3223,0.0,0.0,True,1.0
EX_docosac[e],0.0,0.0,True,-1.0
HMR_6314,0.0,0.0,True,-0.984299073989181
HMR_2505,1.4718043933278214e-288,5.1521945907413586e-288,True,1.0
HMR_0393,1.2396359437316483e-194,3.3881840626247476e-194,True,1.0
PCHOLN203_HSt1e,0.0,0.0,True,1.0
HMR_4302,0.0,0.0,True,1.0
HMR_3290,3.4703491227978846e-125,7.797640283587272e-125,True,-1.0
HMR_7864,0.0,0.0,True,-48.60549931298594
EX_crvnc[e],4.26797014522316e-36,6.68367318305925e-36,True,1.0
HMR_2368,0.0,0.0,True,0.9926226484691995
OCD11COACPT1,6.125078079917885e-220,1.8312733443021884e-219,True,-1.0
HMR_2620,1.8973257558370137e-165,4.838263241603525e-165,True,1.3439567047504517
HMR_6036,0.0,0.0,True,-1.1069111627114998
THYOCHOLabc,0.0,0.0,True,-1.0
HMR_0591,0.0,0.0,True,-1.0
HMR_0960,4.544077478507268e-22,6.218658109307004e-22,True,1.0
HMR_0318,0.0,0.0,True,-1.0
HMR_4914,5.327162982877407e-53,9.186926156463097e-53,True,1.9122927136634913
HMR_3143,0.0,0.0,True,-0.9289309189905613
HC02196te,0.0,0.0,True,1.0
HMR_0158,2.1428835192664145e-45,3.577577613362162e-45,True,1.7408605250043212
HMR_2623,3.0439906094255994e-19,3.9977106614151204e-19,True,1.822281167108757
NADPQNOXR,0.0,0.0,True,-0.9999940450718258
HMR_1872,0.0,0.0,True,-1.0
HMR_7830,0.0,0.0,True,-0.9464215912447579
FAOXC163C164Gm,2.4404981457959397e-109,5.238578437496046e-109,True,-1.0
HMR_2259,2.857399629770014e-289,1.0014570472758543e-288,True,0.8984771573604066
LCAT1e,1.9055359118762354e-16,2.419072886394008e-16,True,1.0
FAOXC1811603m,0.02443690642416396,0.02527360953858115,True,1.0
G3PD2m,0.0,0.0,True,1.0
EX_xoldiolone[e],1.2080326613814138e-06,1.3494226831290668e-06,True,-1.0
HMR_5490,0.0,0.0,True,0.8792759607738043
3DHCHOLt2,0.0,0.0,True,-1.0
HMR_6512,0.0,0.0,True,1.0
EX_hdcea[e],0.0,0.0,True,-1.0
HMR_7162,0.0,0.0,True,-0.9989549629212805
PCHOLPALME-HSABCt,0.0,0.0,True,-1.0
HMR_2269,7.421132361628831e-23,1.024689812420946e-22,True,-1.0
HMR_5484,0.0,0.0,True,-1.068288578637655
HMR_7804,0.0,0.0,True,-70.3989273635511
HMR_1656,0.0,0.0,True,1.0
HMR_6012,0.0,0.0,True,-8.945284687424612
HMR_3060,5.363894959e-314,2.02267853663e-313,True,1.0
HMR_5489,0.0,0.0,True,-8.709833825533261
SPHMYLN18123_hs_t1,0.0,0.0,True,-1.0
HMR_0167,0.0,0.0,True,1.0
HMR_3337,4.105259824659832e-141,9.684711180558219e-141,True,-0.831697054698459
PCHOLN201_HSABCt,0.0,0.0,True,1.0
HMR_10125,0.0,0.0,True,-1.0
HMR_1969,0.0,0.0,True,1.0
HMR_6064,9.959605915948879e-175,2.6242486810908465e-174,True,-1.0
PELPALM_HSABCt,0.0,0.0,True,1.0
HMR_8469,0.0,0.0,True,-1.30747473690134
HMR_5475,0.0,0.0,True,2.3011717941744574
HMR_2720,2.003660895293705e-39,3.225673858906898e-39,True,1.917098445595847
HMR_0671,0.0,0.0,True,-1.0
HMR_5983,0.0,0.0,True,0.9479995269133407
HMR_3058,9.701969864e-315,3.672709522e-314,True,1.0
TCHOLAte,0.0,0.0,True,1.0
HMR_3343,1.0604693834962874e-161,2.6557053791831617e-161,True,-0.8635743519781734
HMR_3150,0.0,0.0,True,-0.8511379311914697
HMR_5946,0.0,0.0,True,-0.928193525697851
r0735,0.0,0.0,True,-1.1886073018942431
HMR_5580,0.0,0.0,True,1.4351344525779053
HMR_4497,2.6668072885471537e-202,7.498795926528945e-202,True,0.9126819126819131
HMR_4207,0.0,0.0,True,-1.0
HMR_4131,1.466775696490559e-241,4.75404069769617e-241,True,4.41311580002735
HMR_5524,0.0,0.0,True,3.959404607724218
HMR_4741,3.141515612073101e-216,9.232337756644119e-216,True,0.8942082356879819
HMR_2411,4.15272463900547e-160,1.034649931316839e-159,True,-1.0
DESAT18_9,0.0015933594746154558,0.0016829644054157482,True,1.0
PCHOLAR_HSt1e,0.0,0.0,True,-1.0
XOLDIOLONEATP,2.3260713450148163e-05,2.5317195545666463e-05,True,-1.0
HMR_3153,0.0,0.0,True,-0.8468137603795964
HMR_2501,0.0,0.0,True,1.0
SPHMYLN181201_hs_t1,0.0,0.0,True,-1.0
FAOXC142C122m,8.726817318916618e-124,1.956356139588806e-123,True,-1.0
HMR_3030,0.0,0.0,True,1.6073304959231698
HMR_0250,0.0,0.0,True,1.0
HMR_5519,0.0,0.0,True,-8.462236654612353
HMR_2622,5.675107088631889e-172,1.476737457343822e-171,True,-1.334034244517873
HMR_7692,0.0,0.0,True,1.0
HMR_6579,0.0,0.0,True,1.0
HMR_0775,0.0,0.0,True,-1.0
r1315,0.0,0.0,True,1.0
HMR_0290,0.0,0.0,True,-1.0
HMR_0369,7.752140614164846e-164,1.963160933405841e-163,True,-1.0
HMR_5542,0.0,0.0,True,-6.362233090838366
HMR_2675,3.557502202678614e-174,9.36521244730309e-174,True,-2.9066852367688183
HMR_3294,4.353348720326771e-308,1.6125552149882983e-307,True,-1.0
HMR_5585,1.0336e-320,3.938e-320,True,-43.078809003046764
FAOXC61m,3.67167379538036e-94,7.49686705258847e-94,True,-1.0
HMR_7865,0.0,0.0,True,1.2352812880924997
HMR_9201,0.0,0.0,True,1.0
DESAT18_4,1.9778505938552682e-222,5.974332206182735e-222,True,-1.0
HMR_9397,0.0009484718584334103,0.001007257174777054,True,1.0
THYOCHOLt2,0.0,0.0,True,-1.0
RE3119R,3.312911846544514e-29,4.8925563056327753e-29,True,1.0
HMR_7726,1.0812879741201061e-303,3.950341351835301e-303,True,-0.8497269375603796
HMR_5493,0.0,0.0,True,-3.546615015478645
HMR_3089,4.740580546537052e-159,1.1761135479554246e-158,True,-0.8480000000000016
HMR_5462,0.0,0.0,True,11.308666402871504
HMR_6009,0.0,0.0,True,1.583283931765789
HMR_5523,0.0,0.0,True,1.3043246535176125
DESAT18_10,5.5445576345244336e-269,1.8694538399489748e-268,True,-1.0
HMR_0614,1.1391496402404093e-269,3.85416679665635e-269,True,0.9947257383966244
HMR_2783,6.718108504626057e-156,1.654122514164231e-155,True,-1.0
HMR_3355,1.1417864371626355e-148,2.7534438361205944e-148,True,0.8267929634641424
HMR_4454,1.2686096377198332e-178,3.3668715928615134e-178,True,1.399434278180725
HMR_0381,0.0,0.0,True,1.0
HMR_3144,0.0,0.0,True,-0.9273256342638901
HMR_2518,8.840026456401627e-301,3.20957590052748e-300,True,-0.8729128014842306
HMR_9275,0.0,0.0,True,-1.0
HMR_0353,6.943716231798089e-193,1.896093994330699e-192,True,-0.9314352120859967
HMR_5487,0.0,0.0,True,-2.8275329930127606
HMR_2680,3.9990182193366865e-17,5.1278439311407693e-17,True,15.561797752809156
HMR_3093,2.235675690784747e-155,5.490804504610896e-155,True,-0.8226221079691535
HMR_2268,4.182182152969388e-21,5.636519644986342e-21,True,-1.0
HMR_4686,0.0,0.0,True,-0.9494911423759218
HMR_10127,0.0,0.0,True,-1.0
HMR_1952,1.1103617248997259e-223,3.3713573616134053e-223,True,-1.0
HMR_2785,8.764957398653241e-170,2.266665946871491e-169,True,1.0
HMR_2865,1.972061988976308e-29,2.919727957403023e-29,True,1.0
HMR_6295,0.0,0.0,True,-0.9427875926583849
3DHLCAabc,0.0,0.0,True,1.0
HMR_5089,0.0,0.0,True,-68.02891660808338
HMR_4854,0.0,0.0,True,1.8592146697087724
HMR_4239,8.002573679927457e-309,2.9718049280338974e-308,True,-1.0
RE3121R,1.1178754429572915e-24,1.5739428389547642e-24,True,1.0
HMR_0200,0.0,0.0,True,-1.0
PCHOL2STE_HSt1e,0.0,0.0,True,-1.0
HMR_5505,0.0,0.0,True,-9.614061449586899
HMR_0375,1.7311454250492242e-281,5.981434074757342e-281,True,1.0
HMR_6008,0.0,0.0,True,3.7540384564305684
HMR_0242,0.0,0.0,True,1.0
FAS80COA_L,0.0,0.0,True,-0.8801175142146235
EX_tethex3[e],5.503490819072636e-278,1.881590210021975e-277,True,1.0
HMR_8510,0.0,0.0,True,-1.0
HMR_8911,0.0,0.0,True,-0.9974669382865634
HMR_2399,1.661698488406873e-177,4.402148798401572e-177,True,-1.0
HMR_3339,1.8973257558370137e-165,4.838263241603525e-165,True,-0.8988764044943834
HMR_8654,0.0,0.0,True,1.0
HMR_3136,0.0,0.0,True,-0.9550242527166375
HMR_0345,2.173158825758261e-196,5.967530796130932e-196,True,1.0
HMR_4595,0.0,0.0,True,1.0
HMR_0160,3.26e-322,1.25e-321,True,0.9107672302594838
HMR_3137,0.0,0.0,True,-0.9572706665644608
HMR_4482,2.2128087870122303e-236,7.032027924019344e-236,True,-0.870037926675093
HMR_4868,0.0,0.0,True,1.526252400082567
HMR_5470,5.8494701620849214e-46,9.799283919330371e-46,True,1.1586335085022177
PCHOLET_HSABCt,0.0,0.0,True,-1.0
HMR_3334,1.8973257558370137e-165,4.838263241603525e-165,True,-0.8760330578512411
HMR_0409,0.0,0.0,True,1.0
HMR_0357,0.0,0.0,True,-1.0
HMR_4189,1.0681403487415221e-135,2.4759898906745726e-135,True,-1.0
HMR_2286,0.0,0.0,True,0.8860700678375599
HMR_0243,1.0648802621238539e-218,3.164400778927882e-218,True,1.0
HMR_6532,0.0,0.0,True,-0.9967510868388074
HMR_4184,0.0,0.0,True,-1.0
HMR_0376,0.0,0.0,True,1.0
HMR_5533,0.0,0.0,True,2.62953250329923
HMR_3275,1.890567822914506e-116,4.1369407924865587e-116,True,-1.0
r0753,0.0,0.0,True,-0.923024858226569
r1447,0.0,0.0,True,1.0
FAOXC122C101m,8.284550495256917e-118,1.8250927030905372e-117,True,-1.0
HMR_2730,5.703958163874955e-75,1.0838260324353838e-74,True,-1.0
HMR_2296,1.836439568679877e-217,5.418698828028854e-217,True,1.0
HMR_4301,0.0,0.0,True,0.9037940344086464
HMR_8513,0.0,0.0,True,1.0
r1316,0.0,0.0,True,1.0
DESAT18_3,8.197738507275078e-15,1.0255923922424e-14,True,1.0
HMR_2685,1.0336e-320,3.938e-320,True,-1.0
HMR_5577,0.0,0.0,True,-1.2092529907416496
HMR_2770,2.3958562018822286e-36,3.7639992876755656e-36,True,1.0
HMR_0605,0.0,0.0,True,-1.0
HMR_8501,0.0,0.0,True,1.0
HMR_8504,9.760059766023274e-272,3.313670349298748e-271,True,-1.0
PCHOLN15_HSt1e,0.0,0.0,True,-1.0
HMR_7820,0.0,0.0,True,-1.9343389914054467
HMR_3481,0.0,0.0,True,1.0
RE3268R,1.3123866469348493e-19,1.7305548494685454e-19,True,1.0
RE3148C,0.0,0.0,True,1.0
HMR_2599,2.659244356869352e-163,6.716884453126898e-163,True,-1.0
HMR_0314,0.0,0.0,True,-1.0
FAOXC80,0.0,0.0,True,1.0
PE14_HSABCt,0.0,0.0,True,-1.0
HMR_5469,0.0,0.0,True,-1.059055374427481
HMR_2817,3.659334733782091e-20,4.8625173560006925e-20,True,1.0
HMR_1516,5.363894959e-314,2.02267853663e-313,True,1.0
CA3St,0.0,0.0,True,1.0
HMR_8742,0.0,0.0,True,-1.0214441373907
HMR_2516,1.0221968655769965e-295,3.6524839221226825e-295,True,-0.8679245283018873
HMR_0405,0.0,0.0,True,2.0513029315961115
HMR_1436,4.236533904175051e-115,9.229029248500296e-115,True,-1.0
HMR_0187,0.0,0.0,True,-1.0
HMR_3151,0.0,0.0,True,-0.8503588347994664
HMR_2769,2.1966264015620274e-38,3.501694970934125e-38,True,1.0
HMR_3222,0.0,0.0,True,1.0
ELAIDCRNt,0.0,0.0,True,0.9308491718881782
HMR_9809,0.0,0.0,True,-1.0
PALFATPtc,0.0,0.0,True,-0.9974241662271395
HMR_8813,0.0,0.0,True,1.0
EX_lpchol_hs[e],5.926343263845288e-17,7.572693311411554e-17,True,1.0
FAOXC163GC142m,5.340846026786893e-116,1.1669410036156298e-115,True,-1.0
PCHOLN19_HSABCt,0.0,0.0,True,-1.0
HMR_4456,0.0,0.0,True,-1.226536039912682
HMR_3423,1.689632528931653e-31,2.558461658795733e-31,True,-1.0
HMR_1659,0.0,0.0,True,-1.0
HMR_2768,4.21192531255211e-35,6.533055143344923e-35,True,-1.0
EX_M00010[e],0.0,0.0,True,-1.0
HMR_0407,6.183326794894121e-225,1.895099111824675e-224,True,1.0
HMR_0370,1.9539114031114024e-27,2.8355425513206585e-27,True,1.0
HMR_3802,0.0,0.0,True,-3.4333103811468493
3DHCHOLabc,0.0,0.0,True,-1.0
HMR_0275,0.0,0.0,True,-1.0
HMR_5576,9.418535760733224e-255,3.12528989569064e-254,True,-1.4864593149611305
HMR_6052,0.0,0.0,True,1.1378071152909395
CE1273t1,0.0,0.0,True,1.0
FAEL183,0.0,0.0,True,0.996243425995492
HMR_5572,0.0,0.0,True,-1.6115113959546368
FAOXC143C123m,7.537610303316047e-98,1.5552956470926773e-97,True,-1.0
5MTHFt2,0.0,0.0,True,1.3055701723093178
HMR_6022,0.0,0.0,True,-55.65903547788877
HMR_3342,1.2253677766892261e-160,3.058200669249943e-160,True,-0.8594594594594609
PCHOLN203_HSABCt,0.0,0.0,True,1.0
HMR_6006,0.0,0.0,True,-1.0150222172426842
HMR_3212,4.1232357596372225e-201,1.1516759557423318e-200,True,0.9038596491228077
HMR_8474,0.0,0.0,True,-1.0
HMR_5512,0.0,0.0,True,0.9128393338835399
HMR_8912,0.0,0.0,True,-0.9956756282226791
HMR_0665,0.0,0.0,True,-1.0
FAOXC4C2m,3.572819458091364e-233,1.1208095302149567e-232,True,1.0
HMR_4006,0.0,0.0,True,-12.390381998003326
HMR_0645,2.1996385964232356e-279,7.546769423325622e-279,True,1.0
HMR_3353,2.235675690784747e-155,5.490804504610896e-155,True,-0.8222811671087553
HMR_2724,3.618329577039903e-18,4.691020203861467e-18,True,-7.275862068965507
HMR_3163,0.0,0.0,True,0.9654576856649397
HMR_0403,0.0,0.0,True,-1.0
HMR_7160,0.0,0.0,True,-1.0
HMR_6016,0.0,0.0,True,-14.534096349812883
FAOXC8C6m,2.9329964006704966e-231,9.151948300281741e-231,True,1.0
EX_ocdca[e],0.0,0.0,True,1.0
HMR_3059,1.6582232426615118e-301,6.03552062235805e-301,True,1.0
HMR_2677,1.268147821232054e-173,3.3294561973207154e-173,True,2.8131083711875524
HMR_3277,2.0143404317306776e-112,4.352520254403308e-112,True,-1.0
HMR_0234,0.0,0.0,True,1.0
HMR_2665,5.176912626665269e-285,1.799330248651769e-284,True,-11.07547659212511
HMR_7993,3.701864347410011e-262,1.2381806550127092e-261,True,-0.8310719131614662
NADQNOXR,0.0,0.0,True,-0.9999997464227626
r1252,0.0,0.0,True,0.9570326845391115
HMR_6301,0.0,0.0,True,1.0
HMR_6616,0.0,0.0,True,-1.6579641410260446
HMR_6034,0.0,0.0,True,-1.5575338674754102
PE161_HSt1e,4.703117298364655e-300,1.7012510721248852e-299,True,-0.8921121879211863
HMR_2403,7.216717724709474e-181,1.9257725804552603e-180,True,-1.0
SPHMYLN18123_hs_ATPt,0.0,0.0,True,-1.0
HMR_0616,0.0,0.0,True,-1.0
r0752,0.0,0.0,True,0.9267249022842144
SPHS1Pt2e,3.26e-322,1.25e-321,True,-0.9789828749351321
HMR_2526,2.173158825758261e-196,5.967530796130932e-196,True,-1.0
C4tmc,2.9595268666e-313,1.111719707573e-312,True,1.2199827916727684
HMR_2267,1.0124820110490479e-25,1.4421839048972827e-25,True,-1.0
HMR_0590,0.0,0.0,True,-0.9659887153916811
HMR_0302,0.0,0.0,True,-1.0
HMR_5557,0.0,0.0,True,0.9200753492994799
HMR_5546,0.0,0.0,True,-2.6275043640608273
HMR_3856,0.0,0.0,True,1.0
C161CPT12,0.0,0.0,True,0.956235929761369
C4tcx,5.675107088631889e-172,1.476737457343822e-171,True,7.11382113821138
HMR_8454,0.0,0.0,True,-0.8343219069320827
HMR_3135,0.0,0.0,True,1.0
HMR_3287,4.236533904175051e-115,9.229029248500296e-115,True,-1.0
HMR_6040,0.0,0.0,True,3.7800088671739376
HMR_4297,0.0,0.0,True,1.0
HMR_8502,0.0,0.0,True,-1.0
HMR_0363,1.1820670654298296e-27,1.718836973553089e-27,True,-1.0
HMR_5554,0.0,0.0,True,7.89525397085818
EX_nh4[e],0.0,0.0,True,1.0
SPHMYLN1824_hs_ATPt,0.0,0.0,True,-1.0
HMR_2663,7.645407109228087e-293,2.708711345832926e-292,True,17.41489776830934
HMR_1312,0.003632700069942548,0.0038122532968952955,True,1.0
FAOXC102C103m,2.9047272819680974e-98,6.010487949270145e-98,True,-1.0
r0193,0.0,0.0,True,-1.0
HMR_2401,2.659244356869352e-163,6.716884453126898e-163,True,-1.0
HMR_0476,8.611237727132111e-52,1.4737690736271663e-51,True,1.0
HMR_6045,0.0,0.0,True,-0.8968732864050486
HMR_3225,0.0,0.0,True,1.0
HMR_3348,2.9102802333310022e-152,7.105934236383197e-152,True,-0.8203753351206454
Pe13_HSABCt,0.0,0.0,True,1.0
HMR_0408,0.0,0.0,True,-1.0
HMR_7725,1.6582232426615118e-301,6.03552062235805e-301,True,0.8527252682244755
HMR_2535,0.0,0.0,True,-0.8455752212389358
SPHMYLN18114_hs_t1,0.0,0.0,True,1.0
HMR_0971,7.11203381500015e-22,9.710279160275136e-22,True,1.0
HMR_0676,0.0,0.0,True,-1.0
HMR_3224,0.0,0.0,True,1.0
HMR_6053,0.0,0.0,True,0.8575393823433404
HMR_2537,0.0,0.0,True,-0.8451075032909154
CE7096te,3.0439906094256427e-19,3.9977106614151204e-19,True,1.0
HMR_6038,0.0,0.0,True,-1.985551320372112
HMR_0201,0.0,0.0,True,-1.0
HMR_4008,0.0,0.0,True,1.7221915313960663
FAOXC183C163m,1.6422924177984775e-99,3.415129016429765e-99,True,-1.0
HMR_0411,0.0,0.0,True,-1.0
HMR_7871,0.0,0.0,True,-1.246989196031804
SPHMYLN1824_hs_t1,0.0,0.0,True,-1.0
HMR_8497,0.0,0.0,True,-0.8678257764287074
HMR_2409,5.36805110396612e-158,1.3295342125630373e-157,True,-1.0
HMR_2261,3.736072982357261e-305,1.371766145151225e-304,True,0.8980922482492155
HMR_3175,0.0,0.0,True,1.0
HMR_0958,1.5559281741512401e-232,4.8653890611132695e-232,True,1.0
HMR_0352,0.0,0.0,True,1.0
r1448,1.0648802621238539e-218,3.164400778927882e-218,True,1.0
HMR_7876,0.0,0.0,True,7.328566965042642
FAOXC260240x,1.017643e-317,3.8673067e-317,True,-1.0
HMR_0289,0.0,0.0,True,-1.0
HMR_0710,0.0,0.0,True,0.8837238506585179
HMR_3098,0.0,0.0,True,0.9943701618578464
HMR_1584,1.535181422089745e-06,1.7102971736589173e-06,True,1.0
HMR_0347,2.4811710649893027e-211,7.176536249180958e-211,True,1.0
FAOXC122m,1.7451747817378583e-128,3.963846597280562e-128,True,-1.0
HMR_0244,0.0,0.0,True,-1.0
EX_xol7aone[e],7.185421713119675e-38,1.1404813444984584e-37,True,1.0
HMR_4611,0.0,0.0,True,0.8481926606430522
HMR_3298,4.9110960529e-311,1.8330587815283e-310,True,1.0
HMR_0241,0.0,0.0,True,1.0
HMR_3328,5.486457430896338e-166,1.403958102404121e-165,True,-0.8301158301158319
HMR_1585,3.926315945742539e-15,4.9373844296249485e-15,True,-1.0
HMR_0630,0.0,0.0,True,1.0
HMR_9074,0.0,0.0,True,-1.0
PCHOLET_HSt1e,0.0,0.0,True,-1.0
HMR_0377,1.7694533226534715e-40,2.8722981913435126e-40,True,1.0
PE226_HSt1e,0.0,0.0,True,-1.0
HMR_3335,8.764957398653241e-170,2.266665946871491e-169,True,-0.8750000000000013
LCA3St,0.0,0.0,True,1.0
FAOXC163C143m,7.537610303316047e-98,1.5552956470926773e-97,True,-1.0
HMR_2621,7.752140614164846e-164,1.963160933405841e-163,True,-1.2891077636152957
PE226_HSABCt,0.0,0.0,True,-1.0
HMR_3174,0.0,0.0,True,1.0
HMR_7163,0.0,0.0,True,-1.0
HMR_6392,0.0,0.0,True,-0.9853784038515422
HMR_2664,2.0656832409293134e-291,7.265848614554938e-291,True,8.789366111510155
FAOXC123C102m,3.7913224590238336e-90,7.661086072372299e-90,True,-1.0
HMR_0750,0.0,0.0,True,-1.0
HMR_3018,1.643407170818887e-25,2.332937505086939e-25,True,-1.0
EX_xolest2_hs[e],1.8098874959628703e-17,2.3330269965557457e-17,True,1.0
HMR_7884,0.0,0.0,True,-2.0516967085952125
HMR_0320,3.701864347410011e-262,1.2381806550127092e-261,True,-1.0
EX_fad[e],0.0,0.0,True,1.0
HMR_2669,0.0002633953738135127,0.0002819687414225766,True,1.0
HMR_0383,0.0,0.0,True,-1.0
HMR_9285,1.0496730839642497e-201,2.9402888489629554e-201,True,1.0
HMR_3282,7.246722675952085e-113,1.5716430377897566e-112,True,-1.0
HMR_3023,1.0604693834963478e-161,2.6557053791831617e-161,True,-0.8538565629228706
HMR_5560,0.0,0.0,True,3.5778679645137643
C181CPT2,8.720695710540648e-281,3.002542706449365e-280,True,10.9199458396235
HMR_5541,0.0,0.0,True,5.879960177169365
HMR_5977,0.0,0.0,True,0.8390532931092434
HMR_3331,2.659244356869352e-163,6.716884453126898e-163,True,-0.8675675675675691
HMR_3100,0.0,0.0,True,0.9928673323823108
HMR_2868,1.1820670654298296e-27,1.718836973553089e-27,True,1.0
HMR_8456,1.5419036084068525e-66,2.839583640875132e-66,True,-1.3004597005046228
HMR_6287,0.0,0.0,True,0.9332267535388711
EX_M00315[e],2.914121526621081e-184,7.797603719634491e-184,True,-1.0
CA3Sabc,0.0,0.0,True,1.0
HMR_3034,1.8724885050024787e-234,5.91843723803507e-234,True,0.8647007805724214
FAOXC164GC163m,9.364276095385904e-134,2.155328276471382e-133,True,-1.0
HMR_6507,0.0,0.0,True,-1.0
HMR_3285,3.33348136187689e-114,7.245623434940536e-114,True,-1.0
HMR_5545,0.0,0.0,True,-1.7694521558940834
TDCA3Sabc,0.0,0.0,True,-1.0
HMR_5022,0.0,0.0,True,1.0
HMR_3804,0.0,0.0,True,3.6306309084437562
EX_atp[e],0.0,0.0,True,-1.0
HMR_0255,0.0,0.0,True,1.0
HMR_0169,0.0,0.0,True,0.9017052938872867
HMR_5504,0.0,0.0,True,-2.4933518997110764
HMR_7818,0.0,0.0,True,1.314793072863959
THCHOLSTOICt,0.0,0.0,True,0.9930856822848608
HMR_8668,0.0,0.0,True,0.8533813732645861
HMR_0596,0.0,0.0,True,0.9591143601106236
HMR_5581,0.0,0.0,True,1.0616162522473072
LNELDCCRNt,0.0,0.0,True,-3.579856677383519
HMR_0959,9.292948969864274e-29,1.3675710940081528e-28,True,1.0
HMR_3281,1.5057384221056386e-115,3.2874914879057533e-115,True,-1.0
HMR_2609,2.7120326971983825e-58,4.775394112254363e-58,True,1.136410681018423
HMR_5556,0.0,0.0,True,1.3062688493462085
HMR_6033,0.0,0.0,True,1.5640181392413721
HMR_4262,0.0,0.0,True,-0.9999450951398247
HMR_0410,1.871534266358357e-227,5.772205684663143e-227,True,-0.8985270049099847
HMR_0670,0.0,0.0,True,-1.0
HMR_0231,0.0,0.0,True,-1.0
HMR_0604,0.0,0.0,True,1.0
HMR_0276,0.0,0.0,True,-1.0
HMR_3344,2.0146838367242097e-156,4.968875119194113e-156,True,-0.8315508021390393
HMR_2676,5.698155500076412e-186,1.530302072889536e-185,True,-3.4125000000000156
HMR_9067,1.5881493750454394e-83,3.1209105760453837e-83,True,-1.2164024025733722
HMR_0173,0.0,0.0,True,1.0
HMR_0424,0.0,0.0,True,1.0
HMR_5443,0.0,0.0,True,-1.0
UDCA3St,0.0,0.0,True,-1.0
HMR_1568,0.0,0.0,True,0.8750894507823573
HMR_2866,4.21192531255211e-35,6.533055143344923e-35,True,-1.0
HMR_0675,0.0,0.0,True,-1.0
EX_lnlncg[e],0.0,0.0,True,-1.0
HMR_6508,0.0,0.0,True,1.0
HMR_1576,1.9433045905164013e-105,4.108140295969015e-105,True,-0.8634423897581806
HMR_0401,0.0,0.0,True,1.0
HMR_0379,0.0,0.0,True,1.0
HMR_5511,0.0,0.0,True,1.6653269698441344
r1314,0.0,0.0,True,1.0
r0034,0.0,0.0,True,1.0
HMR_0319,2.6343897049984874e-284,9.13462939129653e-284,True,1.0
HMR_2503,0.0,0.0,True,1.0
XOL7AONEATP,2.003660895293705e-39,3.225673858906898e-39,True,1.0
HMR_4266,0.0,0.0,True,1.0
PE161_HSABCt,3.26e-322,1.25e-321,True,-0.906145251396648
HMR_0159,7.714219005168297e-55,1.340608640874443e-54,True,2.4880000186360904
HMR_4735,4.0761754592156527e-210,1.1732017775543438e-209,True,0.8946657663740724
HMR_6023,0.0,0.0,True,0.8471739445507607
HMR_5527,0.0,0.0,True,-1.094771492560893
HMR_2270,1.1733875955646786e-23,1.6355973620383008e-23,True,-1.0
HMR_0213,2.693032791863986e-17,3.460783368491926e-17,True,2.234285714285723
HMR_0588,0.0,0.0,True,-1.0
HMR_6543,0.0,0.0,True,1.0
C6COAt,0.0,0.0,True,-1.0
HMR_5579,0.0,0.0,True,6.066419329674345
HMR_0278,0.0,0.0,True,-1.0
HMR_2686,0.0,0.0,True,-1.0
C4x,2.0146838367244387e-156,4.968875119194113e-156,True,4.4579759862779
HMR_9143,0.0,0.0,True,-1.0
HMR_0660,0.0,0.0,True,-1.0
HMR_4265,0.0,0.0,True,-0.9998879624346397
HMR_0253,0.0,0.0,True,1.0
HMR_8463,0.0,0.0,True,-0.9177638844862819
HMR_2524,0.0,0.0,True,-1.0
HMR_2671,0.00017936064907092956,0.00019243013613248896,True,-1.0
HMR_3177,0.0,0.0,True,1.0
HMR_4906,1.8098874959628703e-17,2.3330269965557457e-17,True,1.0
r1313,0.0,0.0,True,1.0
HMR_3811,0.0,0.0,True,1.0
HMR_8609,0.0,0.0,True,1.0
HMR_5299,0.0,0.0,True,-1.0
PE14_HSt1e,0.0,0.0,True,-1.0
HMR_5564,0.0,0.0,True,1.6007897181636714
HMR_0362,4.935172678882861e-31,7.445960838891238e-31,True,-1.0
HMR_3292,1.179747195195113e-125,2.656924890024351e-125,True,-1.0
HMR_6308,0.0,0.0,True,-1.0
r1446,0.0,0.0,True,1.0
PCHOLN264_HSABCt,0.0,0.0,True,-1.0
HMR_5559,0.0,0.0,True,22.593296931616255
UDCA3Sabc,0.0,0.0,True,-1.0
HMR_5526,0.0,0.0,True,-1.9412356300301876
HMR_3333,4.740580546537052e-159,1.1761135479554246e-158,True,-0.8391420911528169
HMR_0281,0.0,0.0,True,-1.0
HMR_1496,5.361897950605834e-295,1.906597208164453e-294,True,1.0
HMR_8557,9.92700626378626e-05,0.00010709178333171481,True,1.0
HMR_0313,2.335696078132539e-270,7.91166417217149e-270,True,1.0
HMR_4398,0.0,0.0,True,0.8427531585332368
HMR_9066,0.0,0.0,True,1.1717718734134412
HMR_6001,0.0,0.0,True,1.0759818910108485
HMR_2612,2.646069561875787e-192,7.205375293955441e-192,True,1.3890434482934209
HMR_0317,0.0,0.0,True,-1.0
HMR_2670,0.0011297938590411208,0.0011972137457470135,True,-1.0
HMR_5447,0.0,0.0,True,0.9514109936556591
HMR_2819,2.8803655593149457e-24,4.0380244443985505e-24,True,-1.0
FAOXC18480m,1.259680340065309e-81,2.4540315135582916e-81,True,-1.0
PCHOLHEP_HSt1e,1.0172217770306872e-228,3.150591761839232e-228,True,1.0
LCA3Sabc,0.0,0.0,True,1.0
TTDCRNt,1.0063110207279584e-191,2.7300845284564058e-191,True,1.415849073984929
HMR_3101,0.0,0.0,True,0.9900990099009902
FAOXC183C163Gm,1.2246440004029754e-138,2.870565536944574e-138,True,-1.0
HMR_8511,1.0336e-320,3.938e-320,True,-1.0
HMR_7164,0.0,0.0,True,-1.0
HMR_4649,7.221090419861131e-106,1.5309547706363907e-105,True,1.0
TDCA3St,0.0,0.0,True,-1.0
PCHOLAR_HSABCt,0.0,0.0,True,-1.0
HMR_8466,0.0,0.0,True,1.7439460247493754
HMR_2867,2.4264988091696225e-30,3.636645274100764e-30,True,-1.0
HMR_8773,0.0,0.0,True,1.0
HMR_2667,0.0,0.0,True,-0.9348625659606886
HMR_2602,9.607060029138016e-180,2.556647219380053e-179,True,8.512145231398517
HMR_3349,1.4044991890890947e-159,3.496331881079905e-159,True,-0.8210526315789494
HMR_5528,0.0,0.0,True,-6.9278972905331395
HMR_2642,1.6471512100150677e-209,4.726888389171546e-209,True,6.027888446215136
HMR_4086,0.0,0.0,True,-1.0
HMR_6298,0.0,0.0,True,-7.485323584177929
HMR_1911,2.857399629770014e-289,1.0014570472758543e-288,True,0.9975429975429975
HMR_5500,0.0,0.0,True,2.8312314786919743
FAOXC102C81m,7.074971551692326e-103,1.4838701965968873e-102,True,-1.0
HMR_0667,0.0,0.0,True,-1.0
HMR_5465,0.0,0.0,True,-22.070025882251823
HMR_4526,0.0,0.0,True,1.0
EX_M03153[e],7.603211866937167e-217,2.2366878283258937e-216,True,1.0
PCHOLN264_HSt1e,0.0,0.0,True,-1.0
HMR_2982,1.0590785189698153e-18,1.3828431642520317e-18,True,1.0
HMR_4012,0.0,0.0,True,-0.9996176684163566
SCP21cx,0.0,0.0,True,-1.0
HMR_6028,0.0,0.0,True,-2.301982786803224
r0791,0.0,0.0,True,0.8471970901646836
HMR_6317,0.0,0.0,True,-0.8620018845557614
HMR_9404,0.0,0.0,True,1.0
ISOCHOLabc,0.0,0.0,True,-1.0
HMR_2726,5.306344049705759e-27,7.658910377161677e-27,True,-1.0
HMR_5444,0.0,0.0,True,1.0
HMR_2407,1.0217401968903905e-150,2.4802806767927457e-150,True,-1.0
HMR_3863,0.0,0.0,True,-1.0
HMR_8653,7.435011662000994e-07,8.352984727631486e-07,True,1.0
HMR_9813,0.0,0.0,True,-1.0
HMR_5494,0.0,0.0,True,-33.88537363039481
HMR_2260,1.9870898358695782e-286,6.922917026275701e-286,True,0.8775311051475974
C181CPT1,1.46810657817681e-309,5.458822682816045e-309,True,8.715664503565883
HMR_2861,6.661113788783092e-39,1.0688424644652251e-38,True,1.0
HMR_2499,0.0,0.0,True,1.0
SPHMYLN18116_hs_t1,0.0,0.0,True,1.0
HMR_3920,0.0,0.0,True,-1.0
FAOXC102C101m,1.84e-321,7.03e-321,True,-1.0
HMR_3351,2.2356756907852554e-155,5.490804504610896e-155,True,-0.8497267759562859
HMR_3293,3.660315973969273e-107,7.794132124803756e-107,True,-1.0
HMR_3866,0.0,0.0,True,-1.0
HMR_4568,0.0,0.0,True,-1.3750403917886342
HMR_2408,1.0604693834962874e-161,2.6557053791831617e-161,True,-1.0
HMR_2625,1.2139007972723608e-17,1.5696069443989482e-17,True,-4.921052631578984
EX_prpp[e],0.0,0.0,True,-1.0
HMR_2766,2.255312443595366e-164,5.731192939925779e-164,True,1.0
Pe13_HSt1e,0.0,0.0,True,1.0
r0638,0.0,0.0,True,-1.1653130635810158
HMR_1953,2.5564974493783083e-219,7.612334884835816e-219,True,-1.0
HMR_2607,1.1715286766363831e-29,1.7380146949594157e-29,True,-1.0610687022900764
HMR_6054,0.0,0.0,True,-0.8576465559996893
HMR_8452,0.0,0.0,True,20.61582476212278
HMR_6017,0.0,0.0,True,2.0261427817513074
HMR_6297,0.0,0.0,True,179.70597486330047
HMR_2606,1.972061988976308e-29,2.919727957403023e-29,True,1.5085574572127145
5FTHFt2,0.0,0.0,True,-1.198829205996854
HMR_0387,1.2804895723880453e-306,4.725232301129689e-306,True,-1.0
HMR_2262,2.806882432089946e-294,9.968685486089141e-294,True,0.8955726660250243
HMR_6307,0.0,0.0,True,-0.8283733544065084
FAOXC123m,4.287595114460242e-99,8.897063516549935e-99,True,-1.0
HMR_4683,0.0,0.0,True,-0.9506166132641825
C6CRNtcx,0.0,0.0,True,-1.0
HMR_3280,3.242755446918219e-110,6.981097325106819e-110,True,-1.0
HMR_0427,0.0,0.0,True,1.0
FAOXC61C4m,0.0,0.0,True,-0.9780228825417726
HMR_4267,0.0,0.0,True,1.0
HMR_7887,0.0,0.0,True,1.65602483649116
HMR_4028,0.0,0.0,True,-1.3497650384781374
HMR_6321,0.0,0.0,True,-0.950063734444196
r1253,5.612637761718644e-20,7.434461411318096e-20,True,1.0
3HPVSteb,0.0,0.0,True,1.0
PCHOLN201_HSt1e,0.0,0.0,True,1.0
HMR_3329,3.6084563448872e-161,9.013450205046458e-161,True,-0.8674033149171287
HMR_2528,4.320504133535049e-204,1.224282119077216e-203,True,-1.0
HMR_5574,0.0,0.0,True,-1.0747201719037411
HMR_8791,0.0,0.0,True,-0.9999411156269283
PCHOLPALME-HSt1e,0.0,0.0,True,-1.0
HMR_5547,0.0,0.0,True,-12.712858362216046
HMR_1672,6.661113788783281e-39,1.0688424644652251e-38,True,-1.0
HMR_5568,0.0,0.0,True,7.16903986131333
HMR_6035,0.0,0.0,True,-1.3009214233199695
HMR_0599,0.0,0.0,True,-1.0
PELPALM_HSt1e,0.0,0.0,True,1.0
HMR_2520,4.353348720326771e-308,1.6125552149882983e-307,True,-0.8759964570416303
HMR_3408,9.92700626378626e-05,0.00010709178333171481,True,1.0
HMR_0673,0.0,0.0,True,-1.0
HMR_3865,0.0,0.0,True,-1.0
HMR_0192,6.945555152115744e-30,1.0351208848270598e-29,True,1.5936599423631135
HMR_4637,0.0,0.0,True,-0.9998723652885506
HMR_4458,0.0,0.0,True,-0.8217864594193536
PCHOL2STE_HSABCt,0.0,0.0,True,-1.0
HMR_0754,1.4693413912690717e-265,4.9371218766265825e-265,True,-1.0
r0915,0.0,0.0,True,-0.9073465938803963
STRDNCCOAtxc,4.024267259483836e-34,6.202579205832883e-34,True,-1.0
HMR_9577,0.0,0.0,True,-1.0
HMR_4614,0.0,0.0,True,-0.8851501474370852
HMR_4500,0.0,0.0,True,1.0
TUDCA3Sabc,0.0,0.0,True,1.0
HMR_7824,0.0,0.0,True,-73.2567608664365
HMR_1519,2.3634091477528337e-307,8.743420205701771e-307,True,1.0
HMR_7684,8.972728615425747e-214,2.6107343439123574e-213,True,2.3360113373071645
HMR_2533,0.0,0.0,True,-0.8390222417969592
HMR_6368,5.5445576345244336e-269,1.8694538399489748e-268,True,-1.0
SPHMYLN18116_hs_ATPt,0.0,0.0,True,1.0
HMR_3864,0.0,0.0,True,-1.0
HMR_5534,0.0,0.0,True,1.152667944547554
HMR_2530,0.0,0.0,True,-0.8402640264026382
HMR_0680,0.0,0.0,True,-1.0
HMR_3853,0.0,0.0,True,-0.9769923799099058
HMR_0256,0.0,0.0,True,1.0
HMR_9220,0.0,0.0,True,1.0
HMR_2610,3.781671823214593e-55,6.575844772711429e-55,True,-1.1768619370032383
HMR_3278,3.33348136187689e-114,7.245623434940536e-114,True,-1.0
HMR_0421,0.0,0.0,True,-1.0
FAOXC18480x,8.626928756961824e-77,1.6585893213845343e-76,True,-1.0
HMR_4283,0.0,0.0,True,0.8824824382469948
HMR_7843,0.0,0.0,True,0.9473690691549033
HMR_0744,0.0,0.0,True,-1.0
FAOXC181C161m,5.330752500108314e-215,1.5603501323996913e-214,True,-1.0
PCHOLSTE_HSABCt,0.0,0.0,True,-1.0
HMR_0615,0.0,0.0,True,-1.0
HMR_9366,2.3958562018821604e-36,3.7639992876755656e-36,True,1.0
HMR_7691,0.0,0.0,True,-1.0
HMR_4574,2.1402678225750574e-56,3.7349521859114207e-56,True,-1.0668987014439273
HMR_5488,0.0,0.0,True,2.444113849861048
HMR_0794,0.0,0.0,True,1.0
HMR_9065,1.1207189304900461e-45,1.8742616816986162e-45,True,-0.8251708428246017
HMR_3090,6.718108504626057e-156,1.654122514164231e-155,True,-0.8644067796610186
HMR_0161,5.9784459651486875e-40,9.683165659417718e-40,True,1.6592362690065596
HMR_3871,0.0,0.0,True,1.0
HMR_1593,9.92700626378619e-05,0.00010709178333171481,True,1.0
FAOXC81C61m,7.810232339335411e-86,1.554618257761736e-85,True,-1.0
HMR_0422,0.0,0.0,True,-1.0
HMR_3283,1.8219207532444324e-108,3.896516647449771e-108,True,-1.0
HMR_0301,0.0,0.0,True,1.0
